Connection,Zone,Coefficent,,,,,,,,,,,,,,,,,,,,,,,,,,,,,,,,,,,,,,,,,,,,,,,,,,,,,,,,,,,,,,,,,,,,,,
1,A1,1,,,,,,,,,,,,,,,,,,,,,,,,,,,,,,,,,,,,,,,,,,,,,,,,,,,,,,,,,,,,,,,,,,,,,,
2,A2,1,,,,,,,,,,,,,,,,,,,,,,,,,,,,,,,,,,,,,,,,,,,,,,,,,,,,,,,,,,,,,,,,,,,,,,
3,A3,1,,,,,,,,,,,,,,,,,,,,,,,,,,,,,,,,,,,,,,,,,,,,,,,,,,,,,,,,,,,,,,,,,,,,,,
4,A4,1,,,,,,,,,,,,,,,,,,,,,,,,,,,,,,,,,,,,,,,,,,,,,,,,,,,,,,,,,,,,,,,,,,,,,,
5,A5,1,,,,,,,,,,,,,,,,,,,,,,,,,,,,,,,,,,,,,,,,,,,,,,,,,,,,,,,,,,,,,,,,,,,,,,
6,A6,1,,,,,,,,,,,,,,,,,,,,,,,,,,,,,,,,,,,,,,,,,,,,,,,,,,,,,,,,,,,,,,,,,,,,,,
7,A7,1,,,,,,,,,,,,,,,,,,,,,,,,,,,,,,,,,,,,,,,,,,,,,,,,,,,,,,,,,,,,,,,,,,,,,,
8,A8,1,,,,,,,,,,,,,,,,,,,,,,,,,,,,,,,,,,,,,,,,,,,,,,,,,,,,,,,,,,,,,,,,,,,,,,
9,A9,1,,,,,,,,,,,,,,,,,,,,,,,,,,,,,,,,,,,,,,,,,,,,,,,,,,,,,,,,,,,,,,,,,,,,,,
10,A10,1,,,,,,,,,,,,,,,,,,,,,,,,,,,,,,,,,,,,,,,,,,,,,,,,,,,,,,,,,,,,,,,,,,,,,,
11,A11,1,,,,,,,,,,,,,,,,,,,,,,,,,,,,,,,,,,,,,,,,,,,,,,,,,,,,,,,,,,,,,,,,,,,,,,
12,A12,1,,,,,,,,,,,,,,,,,,,,,,,,,,,,,,,,,,,,,,,,,,,,,,,,,,,,,,,,,,,,,,,,,,,,,,
13,B1,1,,,,,,,,,,,,,,,,,,,,,,,,,,,,,,,,,,,,,,,,,,,,,,,,,,,,,,,,,,,,,,,,,,,,,,
14,B2,1,,,,,,,,,,,,,,,,,,,,,,,,,,,,,,,,,,,,,,,,,,,,,,,,,,,,,,,,,,,,,,,,,,,,,,
15,B3,1,,,,,,,,,,,,,,,,,,,,,,,,,,,,,,,,,,,,,,,,,,,,,,,,,,,,,,,,,,,,,,,,,,,,,,
16,B4,1,,,,,,,,,,,,,,,,,,,,,,,,,,,,,,,,,,,,,,,,,,,,,,,,,,,,,,,,,,,,,,,,,,,,,,
17,B5,1,,,,,,,,,,,,,,,,,,,,,,,,,,,,,,,,,,,,,,,,,,,,,,,,,,,,,,,,,,,,,,,,,,,,,,
18,B6,1,,,,,,,,,,,,,,,,,,,,,,,,,,,,,,,,,,,,,,,,,,,,,,,,,,,,,,,,,,,,,,,,,,,,,,
19,B7,1,,,,,,,,,,,,,,,,,,,,,,,,,,,,,,,,,,,,,,,,,,,,,,,,,,,,,,,,,,,,,,,,,,,,,,
20,B8,1,,,,,,,,,,,,,,,,,,,,,,,,,,,,,,,,,,,,,,,,,,,,,,,,,,,,,,,,,,,,,,,,,,,,,,
21,B9,1,,,,,,,,,,,,,,,,,,,,,,,,,,,,,,,,,,,,,,,,,,,,,,,,,,,,,,,,,,,,,,,,,,,,,,
22,B10,1,,,,,,,,,,,,,,,,,,,,,,,,,,,,,,,,,,,,,,,,,,,,,,,,,,,,,,,,,,,,,,,,,,,,,,
23,B11,1,,,,,,,,,,,,,,,,,,,,,,,,,,,,,,,,,,,,,,,,,,,,,,,,,,,,,,,,,,,,,,,,,,,,,,
24,B12,1,,,,,,,,,,,,,,,,,,,,,,,,,,,,,,,,,,,,,,,,,,,,,,,,,,,,,,,,,,,,,,,,,,,,,,
25,C1,1,,,,,,,,,,,,,,,,,,,,,,,,,,,,,,,,,,,,,,,,,,,,,,,,,,,,,,,,,,,,,,,,,,,,,,
26,C2,1,,,,,,,,,,,,,,,,,,,,,,,,,,,,,,,,,,,,,,,,,,,,,,,,,,,,,,,,,,,,,,,,,,,,,,
27,C3,1,,,,,,,,,,,,,,,,,,,,,,,,,,,,,,,,,,,,,,,,,,,,,,,,,,,,,,,,,,,,,,,,,,,,,,
28,C4,1,,,,,,,,,,,,,,,,,,,,,,,,,,,,,,,,,,,,,,,,,,,,,,,,,,,,,,,,,,,,,,,,,,,,,,
29,C5,1,,,,,,,,,,,,,,,,,,,,,,,,,,,,,,,,,,,,,,,,,,,,,,,,,,,,,,,,,,,,,,,,,,,,,,
30,C6,1,,,,,,,,,,,,,,,,,,,,,,,,,,,,,,,,,,,,,,,,,,,,,,,,,,,,,,,,,,,,,,,,,,,,,,
31,C7,1,,,,,,,,,,,,,,,,,,,,,,,,,,,,,,,,,,,,,,,,,,,,,,,,,,,,,,,,,,,,,,,,,,,,,,
32,C8,1,,,,,,,,,,,,,,,,,,,,,,,,,,,,,,,,,,,,,,,,,,,,,,,,,,,,,,,,,,,,,,,,,,,,,,
33,C9,1,,,,,,,,,,,,,,,,,,,,,,,,,,,,,,,,,,,,,,,,,,,,,,,,,,,,,,,,,,,,,,,,,,,,,,
34,C10,1,,,,,,,,,,,,,,,,,,,,,,,,,,,,,,,,,,,,,,,,,,,,,,,,,,,,,,,,,,,,,,,,,,,,,,
35,C11,1,,,,,,,,,,,,,,,,,,,,,,,,,,,,,,,,,,,,,,,,,,,,,,,,,,,,,,,,,,,,,,,,,,,,,,
36,C12,1,,,,,,,,,,,,,,,,,,,,,,,,,,,,,,,,,,,,,,,,,,,,,,,,,,,,,,,,,,,,,,,,,,,,,,
37,D1,1,,,,,,,,,,,,,,,,,,,,,,,,,,,,,,,,,,,,,,,,,,,,,,,,,,,,,,,,,,,,,,,,,,,,,,
38,D2,1,,,,,,,,,,,,,,,,,,,,,,,,,,,,,,,,,,,,,,,,,,,,,,,,,,,,,,,,,,,,,,,,,,,,,,
39,D3,1,,,,,,,,,,,,,,,,,,,,,,,,,,,,,,,,,,,,,,,,,,,,,,,,,,,,,,,,,,,,,,,,,,,,,,
40,D4,1,,,,,,,,,,,,,,,,,,,,,,,,,,,,,,,,,,,,,,,,,,,,,,,,,,,,,,,,,,,,,,,,,,,,,,
41,D5,1,,,,,,,,,,,,,,,,,,,,,,,,,,,,,,,,,,,,,,,,,,,,,,,,,,,,,,,,,,,,,,,,,,,,,,
42,D6,1,,,,,,,,,,,,,,,,,,,,,,,,,,,,,,,,,,,,,,,,,,,,,,,,,,,,,,,,,,,,,,,,,,,,,,
43,D7,1,,,,,,,,,,,,,,,,,,,,,,,,,,,,,,,,,,,,,,,,,,,,,,,,,,,,,,,,,,,,,,,,,,,,,,
44,D8,1,,,,,,,,,,,,,,,,,,,,,,,,,,,,,,,,,,,,,,,,,,,,,,,,,,,,,,,,,,,,,,,,,,,,,,
45,D9,1,,,,,,,,,,,,,,,,,,,,,,,,,,,,,,,,,,,,,,,,,,,,,,,,,,,,,,,,,,,,,,,,,,,,,,
46,D10,1,,,,,,,,,,,,,,,,,,,,,,,,,,,,,,,,,,,,,,,,,,,,,,,,,,,,,,,,,,,,,,,,,,,,,,
47,D11,1,,,,,,,,,,,,,,,,,,,,,,,,,,,,,,,,,,,,,,,,,,,,,,,,,,,,,,,,,,,,,,,,,,,,,,
48,D12,1,,,,,,,,,,,,,,,,,,,,,,,,,,,,,,,,,,,,,,,,,,,,,,,,,,,,,,,,,,,,,,,,,,,,,,
49,E1,1,,,,,,,,,,,,,,,,,,,,,,,,,,,,,,,,,,,,,,,,,,,,,,,,,,,,,,,,,,,,,,,,,,,,,,
50,E2,1,,,,,,,,,,,,,,,,,,,,,,,,,,,,,,,,,,,,,,,,,,,,,,,,,,,,,,,,,,,,,,,,,,,,,,
51,E3,1,,,,,,,,,,,,,,,,,,,,,,,,,,,,,,,,,,,,,,,,,,,,,,,,,,,,,,,,,,,,,,,,,,,,,,
52,E4,1,,,,,,,,,,,,,,,,,,,,,,,,,,,,,,,,,,,,,,,,,,,,,,,,,,,,,,,,,,,,,,,,,,,,,,
53,E5,1,,,,,,,,,,,,,,,,,,,,,,,,,,,,,,,,,,,,,,,,,,,,,,,,,,,,,,,,,,,,,,,,,,,,,,
54,E6,1,,,,,,,,,,,,,,,,,,,,,,,,,,,,,,,,,,,,,,,,,,,,,,,,,,,,,,,,,,,,,,,,,,,,,,
55,E7,1,,,,,,,,,,,,,,,,,,,,,,,,,,,,,,,,,,,,,,,,,,,,,,,,,,,,,,,,,,,,,,,,,,,,,,
56,E8,1,,,,,,,,,,,,,,,,,,,,,,,,,,,,,,,,,,,,,,,,,,,,,,,,,,,,,,,,,,,,,,,,,,,,,,
57,E9,1,,,,,,,,,,,,,,,,,,,,,,,,,,,,,,,,,,,,,,,,,,,,,,,,,,,,,,,,,,,,,,,,,,,,,,
58,E10,1,,,,,,,,,,,,,,,,,,,,,,,,,,,,,,,,,,,,,,,,,,,,,,,,,,,,,,,,,,,,,,,,,,,,,,
59,E11,1,,,,,,,,,,,,,,,,,,,,,,,,,,,,,,,,,,,,,,,,,,,,,,,,,,,,,,,,,,,,,,,,,,,,,,
60,E12,1,,,,,,,,,,,,,,,,,,,,,,,,,,,,,,,,,,,,,,,,,,,,,,,,,,,,,,,,,,,,,,,,,,,,,,
61,F1,1,,,,,,,,,,,,,,,,,,,,,,,,,,,,,,,,,,,,,,,,,,,,,,,,,,,,,,,,,,,,,,,,,,,,,,
62,F2,1,,,,,,,,,,,,,,,,,,,,,,,,,,,,,,,,,,,,,,,,,,,,,,,,,,,,,,,,,,,,,,,,,,,,,,
63,F3,1,,,,,,,,,,,,,,,,,,,,,,,,,,,,,,,,,,,,,,,,,,,,,,,,,,,,,,,,,,,,,,,,,,,,,,
64,F4,1,,,,,,,,,,,,,,,,,,,,,,,,,,,,,,,,,,,,,,,,,,,,,,,,,,,,,,,,,,,,,,,,,,,,,,
65,F5,1,,,,,,,,,,,,,,,,,,,,,,,,,,,,,,,,,,,,,,,,,,,,,,,,,,,,,,,,,,,,,,,,,,,,,,
66,F6,1,,,,,,,,,,,,,,,,,,,,,,,,,,,,,,,,,,,,,,,,,,,,,,,,,,,,,,,,,,,,,,,,,,,,,,
67,F7,1,,,,,,,,,,,,,,,,,,,,,,,,,,,,,,,,,,,,,,,,,,,,,,,,,,,,,,,,,,,,,,,,,,,,,,
68,F8,1,,,,,,,,,,,,,,,,,,,,,,,,,,,,,,,,,,,,,,,,,,,,,,,,,,,,,,,,,,,,,,,,,,,,,,
69,F9,1,,,,,,,,,,,,,,,,,,,,,,,,,,,,,,,,,,,,,,,,,,,,,,,,,,,,,,,,,,,,,,,,,,,,,,
70,F10,1,,,,,,,,,,,,,,,,,,,,,,,,,,,,,,,,,,,,,,,,,,,,,,,,,,,,,,,,,,,,,,,,,,,,,,
71,F11,1,,,,,,,,,,,,,,,,,,,,,,,,,,,,,,,,,,,,,,,,,,,,,,,,,,,,,,,,,,,,,,,,,,,,,,
72,F12,1,,,,,,,,,,,,,,,,,,,,,,,,,,,,,,,,,,,,,,,,,,,,,,,,,,,,,,,,,,,,,,,,,,,,,,
73,G1,1,,,,,,,,,,,,,,,,,,,,,,,,,,,,,,,,,,,,,,,,,,,,,,,,,,,,,,,,,,,,,,,,,,,,,,
74,G2,1,,,,,,,,,,,,,,,,,,,,,,,,,,,,,,,,,,,,,,,,,,,,,,,,,,,,,,,,,,,,,,,,,,,,,,
75,G3,1,,,,,,,,,,,,,,,,,,,,,,,,,,,,,,,,,,,,,,,,,,,,,,,,,,,,,,,,,,,,,,,,,,,,,,
76,G4,1,,,,,,,,,,,,,,,,,,,,,,,,,,,,,,,,,,,,,,,,,,,,,,,,,,,,,,,,,,,,,,,,,,,,,,
77,G5,1,,,,,,,,,,,,,,,,,,,,,,,,,,,,,,,,,,,,,,,,,,,,,,,,,,,,,,,,,,,,,,,,,,,,,,
78,G6,1,,,,,,,,,,,,,,,,,,,,,,,,,,,,,,,,,,,,,,,,,,,,,,,,,,,,,,,,,,,,,,,,,,,,,,
79,G7,1,,,,,,,,,,,,,,,,,,,,,,,,,,,,,,,,,,,,,,,,,,,,,,,,,,,,,,,,,,,,,,,,,,,,,,
80,G8,1,,,,,,,,,,,,,,,,,,,,,,,,,,,,,,,,,,,,,,,,,,,,,,,,,,,,,,,,,,,,,,,,,,,,,,
81,G9,1,,,,,,,,,,,,,,,,,,,,,,,,,,,,,,,,,,,,,,,,,,,,,,,,,,,,,,,,,,,,,,,,,,,,,,
82,G10,1,,,,,,,,,,,,,,,,,,,,,,,,,,,,,,,,,,,,,,,,,,,,,,,,,,,,,,,,,,,,,,,,,,,,,,
83,G11,1,,,,,,,,,,,,,,,,,,,,,,,,,,,,,,,,,,,,,,,,,,,,,,,,,,,,,,,,,,,,,,,,,,,,,,
84,G12,1,,,,,,,,,,,,,,,,,,,,,,,,,,,,,,,,,,,,,,,,,,,,,,,,,,,,,,,,,,,,,,,,,,,,,,
85,H1,1,,,,,,,,,,,,,,,,,,,,,,,,,,,,,,,,,,,,,,,,,,,,,,,,,,,,,,,,,,,,,,,,,,,,,,
86,H2,1,,,,,,,,,,,,,,,,,,,,,,,,,,,,,,,,,,,,,,,,,,,,,,,,,,,,,,,,,,,,,,,,,,,,,,
87,H3,1,,,,,,,,,,,,,,,,,,,,,,,,,,,,,,,,,,,,,,,,,,,,,,,,,,,,,,,,,,,,,,,,,,,,,,
88,H4,1,,,,,,,,,,,,,,,,,,,,,,,,,,,,,,,,,,,,,,,,,,,,,,,,,,,,,,,,,,,,,,,,,,,,,,
89,H5,1,,,,,,,,,,,,,,,,,,,,,,,,,,,,,,,,,,,,,,,,,,,,,,,,,,,,,,,,,,,,,,,,,,,,,,
90,H6,1,,,,,,,,,,,,,,,,,,,,,,,,,,,,,,,,,,,,,,,,,,,,,,,,,,,,,,,,,,,,,,,,,,,,,,
91,H7,1,,,,,,,,,,,,,,,,,,,,,,,,,,,,,,,,,,,,,,,,,,,,,,,,,,,,,,,,,,,,,,,,,,,,,,
92,H8,1,,,,,,,,,,,,,,,,,,,,,,,,,,,,,,,,,,,,,,,,,,,,,,,,,,,,,,,,,,,,,,,,,,,,,,
93,H9,1,,,,,,,,,,,,,,,,,,,,,,,,,,,,,,,,,,,,,,,,,,,,,,,,,,,,,,,,,,,,,,,,,,,,,,
94,H10,1,,,,,,,,,,,,,,,,,,,,,,,,,,,,,,,,,,,,,,,,,,,,,,,,,,,,,,,,,,,,,,,,,,,,,,
95,H11,1,,,,,,,,,,,,,,,,,,,,,,,,,,,,,,,,,,,,,,,,,,,,,,,,,,,,,,,,,,,,,,,,,,,,,,
96,H12,1,,,,,,,,,,,,,,,,,,,,,,,,,,,,,,,,,,,,,,,,,,,,,,,,,,,,,,,,,,,,,,,,,,,,,,
97,I1,1,,,,,,,,,,,,,,,,,,,,,,,,,,,,,,,,,,,,,,,,,,,,,,,,,,,,,,,,,,,,,,,,,,,,,,
98,I2,1,,,,,,,,,,,,,,,,,,,,,,,,,,,,,,,,,,,,,,,,,,,,,,,,,,,,,,,,,,,,,,,,,,,,,,
99,I3,1,,,,,,,,,,,,,,,,,,,,,,,,,,,,,,,,,,,,,,,,,,,,,,,,,,,,,,,,,,,,,,,,,,,,,,
100,I4,1,,,,,,,,,,,,,,,,,,,,,,,,,,,,,,,,,,,,,,,,,,,,,,,,,,,,,,,,,,,,,,,,,,,,,,
101,I5,1,,,,,,,,,,,,,,,,,,,,,,,,,,,,,,,,,,,,,,,,,,,,,,,,,,,,,,,,,,,,,,,,,,,,,,
102,I6,1,,,,,,,,,,,,,,,,,,,,,,,,,,,,,,,,,,,,,,,,,,,,,,,,,,,,,,,,,,,,,,,,,,,,,,
103,I7,1,,,,,,,,,,,,,,,,,,,,,,,,,,,,,,,,,,,,,,,,,,,,,,,,,,,,,,,,,,,,,,,,,,,,,,
104,I8,1,,,,,,,,,,,,,,,,,,,,,,,,,,,,,,,,,,,,,,,,,,,,,,,,,,,,,,,,,,,,,,,,,,,,,,
105,I9,1,,,,,,,,,,,,,,,,,,,,,,,,,,,,,,,,,,,,,,,,,,,,,,,,,,,,,,,,,,,,,,,,,,,,,,
106,I10,1,,,,,,,,,,,,,,,,,,,,,,,,,,,,,,,,,,,,,,,,,,,,,,,,,,,,,,,,,,,,,,,,,,,,,,
107,I11,1,,,,,,,,,,,,,,,,,,,,,,,,,,,,,,,,,,,,,,,,,,,,,,,,,,,,,,,,,,,,,,,,,,,,,,
108,I12,1,,,,,,,,,,,,,,,,,,,,,,,,,,,,,,,,,,,,,,,,,,,,,,,,,,,,,,,,,,,,,,,,,,,,,,
109,J1,1,,,,,,,,,,,,,,,,,,,,,,,,,,,,,,,,,,,,,,,,,,,,,,,,,,,,,,,,,,,,,,,,,,,,,,
110,J2,1,,,,,,,,,,,,,,,,,,,,,,,,,,,,,,,,,,,,,,,,,,,,,,,,,,,,,,,,,,,,,,,,,,,,,,
111,J3,1,,,,,,,,,,,,,,,,,,,,,,,,,,,,,,,,,,,,,,,,,,,,,,,,,,,,,,,,,,,,,,,,,,,,,,
112,J4,1,,,,,,,,,,,,,,,,,,,,,,,,,,,,,,,,,,,,,,,,,,,,,,,,,,,,,,,,,,,,,,,,,,,,,,
113,J5,1,,,,,,,,,,,,,,,,,,,,,,,,,,,,,,,,,,,,,,,,,,,,,,,,,,,,,,,,,,,,,,,,,,,,,,
114,J6,1,,,,,,,,,,,,,,,,,,,,,,,,,,,,,,,,,,,,,,,,,,,,,,,,,,,,,,,,,,,,,,,,,,,,,,
115,J7,1,,,,,,,,,,,,,,,,,,,,,,,,,,,,,,,,,,,,,,,,,,,,,,,,,,,,,,,,,,,,,,,,,,,,,,
116,J8,1,,,,,,,,,,,,,,,,,,,,,,,,,,,,,,,,,,,,,,,,,,,,,,,,,,,,,,,,,,,,,,,,,,,,,,
117,J9,1,,,,,,,,,,,,,,,,,,,,,,,,,,,,,,,,,,,,,,,,,,,,,,,,,,,,,,,,,,,,,,,,,,,,,,
118,J10,1,,,,,,,,,,,,,,,,,,,,,,,,,,,,,,,,,,,,,,,,,,,,,,,,,,,,,,,,,,,,,,,,,,,,,,
119,J11,1,,,,,,,,,,,,,,,,,,,,,,,,,,,,,,,,,,,,,,,,,,,,,,,,,,,,,,,,,,,,,,,,,,,,,,
120,J12,1,,,,,,,,,,,,,,,,,,,,,,,,,,,,,,,,,,,,,,,,,,,,,,,,,,,,,,,,,,,,,,,,,,,,,,
121,K1,1,,,,,,,,,,,,,,,,,,,,,,,,,,,,,,,,,,,,,,,,,,,,,,,,,,,,,,,,,,,,,,,,,,,,,,
122,K2,1,,,,,,,,,,,,,,,,,,,,,,,,,,,,,,,,,,,,,,,,,,,,,,,,,,,,,,,,,,,,,,,,,,,,,,
123,K3,1,,,,,,,,,,,,,,,,,,,,,,,,,,,,,,,,,,,,,,,,,,,,,,,,,,,,,,,,,,,,,,,,,,,,,,
124,K4,1,,,,,,,,,,,,,,,,,,,,,,,,,,,,,,,,,,,,,,,,,,,,,,,,,,,,,,,,,,,,,,,,,,,,,,
125,K5,1,,,,,,,,,,,,,,,,,,,,,,,,,,,,,,,,,,,,,,,,,,,,,,,,,,,,,,,,,,,,,,,,,,,,,,
126,K6,1,,,,,,,,,,,,,,,,,,,,,,,,,,,,,,,,,,,,,,,,,,,,,,,,,,,,,,,,,,,,,,,,,,,,,,
127,K7,1,,,,,,,,,,,,,,,,,,,,,,,,,,,,,,,,,,,,,,,,,,,,,,,,,,,,,,,,,,,,,,,,,,,,,,
128,K8,1,,,,,,,,,,,,,,,,,,,,,,,,,,,,,,,,,,,,,,,,,,,,,,,,,,,,,,,,,,,,,,,,,,,,,,
129,K9,1,,,,,,,,,,,,,,,,,,,,,,,,,,,,,,,,,,,,,,,,,,,,,,,,,,,,,,,,,,,,,,,,,,,,,,
130,K10,1,,,,,,,,,,,,,,,,,,,,,,,,,,,,,,,,,,,,,,,,,,,,,,,,,,,,,,,,,,,,,,,,,,,,,,
131,K11,1,,,,,,,,,,,,,,,,,,,,,,,,,,,,,,,,,,,,,,,,,,,,,,,,,,,,,,,,,,,,,,,,,,,,,,
132,K12,1,,,,,,,,,,,,,,,,,,,,,,,,,,,,,,,,,,,,,,,,,,,,,,,,,,,,,,,,,,,,,,,,,,,,,,
133,L1,1,,,,,,,,,,,,,,,,,,,,,,,,,,,,,,,,,,,,,,,,,,,,,,,,,,,,,,,,,,,,,,,,,,,,,,
134,L2,1,,,,,,,,,,,,,,,,,,,,,,,,,,,,,,,,,,,,,,,,,,,,,,,,,,,,,,,,,,,,,,,,,,,,,,
135,L3,1,,,,,,,,,,,,,,,,,,,,,,,,,,,,,,,,,,,,,,,,,,,,,,,,,,,,,,,,,,,,,,,,,,,,,,
136,L4,1,,,,,,,,,,,,,,,,,,,,,,,,,,,,,,,,,,,,,,,,,,,,,,,,,,,,,,,,,,,,,,,,,,,,,,
137,L5,1,,,,,,,,,,,,,,,,,,,,,,,,,,,,,,,,,,,,,,,,,,,,,,,,,,,,,,,,,,,,,,,,,,,,,,
138,L6,1,,,,,,,,,,,,,,,,,,,,,,,,,,,,,,,,,,,,,,,,,,,,,,,,,,,,,,,,,,,,,,,,,,,,,,
139,L7,1,,,,,,,,,,,,,,,,,,,,,,,,,,,,,,,,,,,,,,,,,,,,,,,,,,,,,,,,,,,,,,,,,,,,,,
140,L8,1,,,,,,,,,,,,,,,,,,,,,,,,,,,,,,,,,,,,,,,,,,,,,,,,,,,,,,,,,,,,,,,,,,,,,,
141,L9,1,,,,,,,,,,,,,,,,,,,,,,,,,,,,,,,,,,,,,,,,,,,,,,,,,,,,,,,,,,,,,,,,,,,,,,
142,L10,1,,,,,,,,,,,,,,,,,,,,,,,,,,,,,,,,,,,,,,,,,,,,,,,,,,,,,,,,,,,,,,,,,,,,,,
143,L11,1,,,,,,,,,,,,,,,,,,,,,,,,,,,,,,,,,,,,,,,,,,,,,,,,,,,,,,,,,,,,,,,,,,,,,,
144,L12,1,,,,,,,,,,,,,,,,,,,,,,,,,,,,,,,,,,,,,,,,,,,,,,,,,,,,,,,,,,,,,,,,,,,,,,
145,M1,1,,,,,,,,,,,,,,,,,,,,,,,,,,,,,,,,,,,,,,,,,,,,,,,,,,,,,,,,,,,,,,,,,,,,,,
146,M2,1,,,,,,,,,,,,,,,,,,,,,,,,,,,,,,,,,,,,,,,,,,,,,,,,,,,,,,,,,,,,,,,,,,,,,,
147,M3,1,,,,,,,,,,,,,,,,,,,,,,,,,,,,,,,,,,,,,,,,,,,,,,,,,,,,,,,,,,,,,,,,,,,,,,
148,M4,1,,,,,,,,,,,,,,,,,,,,,,,,,,,,,,,,,,,,,,,,,,,,,,,,,,,,,,,,,,,,,,,,,,,,,,
149,M5,1,,,,,,,,,,,,,,,,,,,,,,,,,,,,,,,,,,,,,,,,,,,,,,,,,,,,,,,,,,,,,,,,,,,,,,
150,M6,1,,,,,,,,,,,,,,,,,,,,,,,,,,,,,,,,,,,,,,,,,,,,,,,,,,,,,,,,,,,,,,,,,,,,,,
151,M7,1,,,,,,,,,,,,,,,,,,,,,,,,,,,,,,,,,,,,,,,,,,,,,,,,,,,,,,,,,,,,,,,,,,,,,,
152,M8,1,,,,,,,,,,,,,,,,,,,,,,,,,,,,,,,,,,,,,,,,,,,,,,,,,,,,,,,,,,,,,,,,,,,,,,
153,M9,1,,,,,,,,,,,,,,,,,,,,,,,,,,,,,,,,,,,,,,,,,,,,,,,,,,,,,,,,,,,,,,,,,,,,,,
154,M10,1,,,,,,,,,,,,,,,,,,,,,,,,,,,,,,,,,,,,,,,,,,,,,,,,,,,,,,,,,,,,,,,,,,,,,,
155,M11,1,,,,,,,,,,,,,,,,,,,,,,,,,,,,,,,,,,,,,,,,,,,,,,,,,,,,,,,,,,,,,,,,,,,,,,
156,M12,1,,,,,,,,,,,,,,,,,,,,,,,,,,,,,,,,,,,,,,,,,,,,,,,,,,,,,,,,,,,,,,,,,,,,,,
157,N1,1,,,,,,,,,,,,,,,,,,,,,,,,,,,,,,,,,,,,,,,,,,,,,,,,,,,,,,,,,,,,,,,,,,,,,,
158,N2,1,,,,,,,,,,,,,,,,,,,,,,,,,,,,,,,,,,,,,,,,,,,,,,,,,,,,,,,,,,,,,,,,,,,,,,
159,N3,1,,,,,,,,,,,,,,,,,,,,,,,,,,,,,,,,,,,,,,,,,,,,,,,,,,,,,,,,,,,,,,,,,,,,,,
160,N4,1,,,,,,,,,,,,,,,,,,,,,,,,,,,,,,,,,,,,,,,,,,,,,,,,,,,,,,,,,,,,,,,,,,,,,,
161,N5,1,,,,,,,,,,,,,,,,,,,,,,,,,,,,,,,,,,,,,,,,,,,,,,,,,,,,,,,,,,,,,,,,,,,,,,
162,N6,1,,,,,,,,,,,,,,,,,,,,,,,,,,,,,,,,,,,,,,,,,,,,,,,,,,,,,,,,,,,,,,,,,,,,,,
163,N7,1,,,,,,,,,,,,,,,,,,,,,,,,,,,,,,,,,,,,,,,,,,,,,,,,,,,,,,,,,,,,,,,,,,,,,,
164,N8,1,,,,,,,,,,,,,,,,,,,,,,,,,,,,,,,,,,,,,,,,,,,,,,,,,,,,,,,,,,,,,,,,,,,,,,
165,N9,1,,,,,,,,,,,,,,,,,,,,,,,,,,,,,,,,,,,,,,,,,,,,,,,,,,,,,,,,,,,,,,,,,,,,,,
166,N10,1,,,,,,,,,,,,,,,,,,,,,,,,,,,,,,,,,,,,,,,,,,,,,,,,,,,,,,,,,,,,,,,,,,,,,,
167,N11,1,,,,,,,,,,,,,,,,,,,,,,,,,,,,,,,,,,,,,,,,,,,,,,,,,,,,,,,,,,,,,,,,,,,,,,
168,N12,1,,,,,,,,,,,,,,,,,,,,,,,,,,,,,,,,,,,,,,,,,,,,,,,,,,,,,,,,,,,,,,,,,,,,,,
169,O1,1,,,,,,,,,,,,,,,,,,,,,,,,,,,,,,,,,,,,,,,,,,,,,,,,,,,,,,,,,,,,,,,,,,,,,,
170,O2,1,,,,,,,,,,,,,,,,,,,,,,,,,,,,,,,,,,,,,,,,,,,,,,,,,,,,,,,,,,,,,,,,,,,,,,
171,O3,1,,,,,,,,,,,,,,,,,,,,,,,,,,,,,,,,,,,,,,,,,,,,,,,,,,,,,,,,,,,,,,,,,,,,,,
172,O4,1,,,,,,,,,,,,,,,,,,,,,,,,,,,,,,,,,,,,,,,,,,,,,,,,,,,,,,,,,,,,,,,,,,,,,,
173,O5,1,,,,,,,,,,,,,,,,,,,,,,,,,,,,,,,,,,,,,,,,,,,,,,,,,,,,,,,,,,,,,,,,,,,,,,
174,O6,1,,,,,,,,,,,,,,,,,,,,,,,,,,,,,,,,,,,,,,,,,,,,,,,,,,,,,,,,,,,,,,,,,,,,,,
175,O7,1,,,,,,,,,,,,,,,,,,,,,,,,,,,,,,,,,,,,,,,,,,,,,,,,,,,,,,,,,,,,,,,,,,,,,,
176,O8,1,,,,,,,,,,,,,,,,,,,,,,,,,,,,,,,,,,,,,,,,,,,,,,,,,,,,,,,,,,,,,,,,,,,,,,
177,O9,1,,,,,,,,,,,,,,,,,,,,,,,,,,,,,,,,,,,,,,,,,,,,,,,,,,,,,,,,,,,,,,,,,,,,,,
178,O10,1,,,,,,,,,,,,,,,,,,,,,,,,,,,,,,,,,,,,,,,,,,,,,,,,,,,,,,,,,,,,,,,,,,,,,,
179,O11,1,,,,,,,,,,,,,,,,,,,,,,,,,,,,,,,,,,,,,,,,,,,,,,,,,,,,,,,,,,,,,,,,,,,,,,
180,O12,1,,,,,,,,,,,,,,,,,,,,,,,,,,,,,,,,,,,,,,,,,,,,,,,,,,,,,,,,,,,,,,,,,,,,,,
181,1,1,,,,,,,,,,,,,,,,,,,,,,,,,,,,,,,,,,,,,,,,,,,,,,,,,,,,,,,,,,,,,,,,,,,,,,
182,2,1,,,,,,,,,,,,,,,,,,,,,,,,,,,,,,,,,,,,,,,,,,,,,,,,,,,,,,,,,,,,,,,,,,,,,,
183,3,1,,,,,,,,,,,,,,,,,,,,,,,,,,,,,,,,,,,,,,,,,,,,,,,,,,,,,,,,,,,,,,,,,,,,,,
184,4,1,,,,,,,,,,,,,,,,,,,,,,,,,,,,,,,,,,,,,,,,,,,,,,,,,,,,,,,,,,,,,,,,,,,,,,
185,5,1,,,,,,,,,,,,,,,,,,,,,,,,,,,,,,,,,,,,,,,,,,,,,,,,,,,,,,,,,,,,,,,,,,,,,,
186,6,1,,,,,,,,,,,,,,,,,,,,,,,,,,,,,,,,,,,,,,,,,,,,,,,,,,,,,,,,,,,,,,,,,,,,,,
187,7,1,,,,,,,,,,,,,,,,,,,,,,,,,,,,,,,,,,,,,,,,,,,,,,,,,,,,,,,,,,,,,,,,,,,,,,
188,8,1,,,,,,,,,,,,,,,,,,,,,,,,,,,,,,,,,,,,,,,,,,,,,,,,,,,,,,,,,,,,,,,,,,,,,,
189,9,1,,,,,,,,,,,,,,,,,,,,,,,,,,,,,,,,,,,,,,,,,,,,,,,,,,,,,,,,,,,,,,,,,,,,,,
190,10,1,,,,,,,,,,,,,,,,,,,,,,,,,,,,,,,,,,,,,,,,,,,,,,,,,,,,,,,,,,,,,,,,,,,,,,
191,11,1,,,,,,,,,,,,,,,,,,,,,,,,,,,,,,,,,,,,,,,,,,,,,,,,,,,,,,,,,,,,,,,,,,,,,,
192,12,1,,,,,,,,,,,,,,,,,,,,,,,,,,,,,,,,,,,,,,,,,,,,,,,,,,,,,,,,,,,,,,,,,,,,,,
193,13,1,,,,,,,,,,,,,,,,,,,,,,,,,,,,,,,,,,,,,,,,,,,,,,,,,,,,,,,,,,,,,,,,,,,,,,
194,14,1,,,,,,,,,,,,,,,,,,,,,,,,,,,,,,,,,,,,,,,,,,,,,,,,,,,,,,,,,,,,,,,,,,,,,,
195,15,1,,,,,,,,,,,,,,,,,,,,,,,,,,,,,,,,,,,,,,,,,,,,,,,,,,,,,,,,,,,,,,,,,,,,,,
196,16,1,,,,,,,,,,,,,,,,,,,,,,,,,,,,,,,,,,,,,,,,,,,,,,,,,,,,,,,,,,,,,,,,,,,,,,
197,17,1,,,,,,,,,,,,,,,,,,,,,,,,,,,,,,,,,,,,,,,,,,,,,,,,,,,,,,,,,,,,,,,,,,,,,,
198,18,1,,,,,,,,,,,,,,,,,,,,,,,,,,,,,,,,,,,,,,,,,,,,,,,,,,,,,,,,,,,,,,,,,,,,,,
199,19,1,,,,,,,,,,,,,,,,,,,,,,,,,,,,,,,,,,,,,,,,,,,,,,,,,,,,,,,,,,,,,,,,,,,,,,
200,20,1,,,,,,,,,,,,,,,,,,,,,,,,,,,,,,,,,,,,,,,,,,,,,,,,,,,,,,,,,,,,,,,,,,,,,,
201,21,1,,,,,,,,,,,,,,,,,,,,,,,,,,,,,,,,,,,,,,,,,,,,,,,,,,,,,,,,,,,,,,,,,,,,,,
202,22,1,,,,,,,,,,,,,,,,,,,,,,,,,,,,,,,,,,,,,,,,,,,,,,,,,,,,,,,,,,,,,,,,,,,,,,
203,23,1,,,,,,,,,,,,,,,,,,,,,,,,,,,,,,,,,,,,,,,,,,,,,,,,,,,,,,,,,,,,,,,,,,,,,,
204,24,1,,,,,,,,,,,,,,,,,,,,,,,,,,,,,,,,,,,,,,,,,,,,,,,,,,,,,,,,,,,,,,,,,,,,,,
205,25,1,,,,,,,,,,,,,,,,,,,,,,,,,,,,,,,,,,,,,,,,,,,,,,,,,,,,,,,,,,,,,,,,,,,,,,
206,26,1,,,,,,,,,,,,,,,,,,,,,,,,,,,,,,,,,,,,,,,,,,,,,,,,,,,,,,,,,,,,,,,,,,,,,,
207,27,1,,,,,,,,,,,,,,,,,,,,,,,,,,,,,,,,,,,,,,,,,,,,,,,,,,,,,,,,,,,,,,,,,,,,,,
208,28,1,,,,,,,,,,,,,,,,,,,,,,,,,,,,,,,,,,,,,,,,,,,,,,,,,,,,,,,,,,,,,,,,,,,,,,
209,29,1,,,,,,,,,,,,,,,,,,,,,,,,,,,,,,,,,,,,,,,,,,,,,,,,,,,,,,,,,,,,,,,,,,,,,,
210,30,1,,,,,,,,,,,,,,,,,,,,,,,,,,,,,,,,,,,,,,,,,,,,,,,,,,,,,,,,,,,,,,,,,,,,,,
211,31,1,,,,,,,,,,,,,,,,,,,,,,,,,,,,,,,,,,,,,,,,,,,,,,,,,,,,,,,,,,,,,,,,,,,,,,
212,32,1,,,,,,,,,,,,,,,,,,,,,,,,,,,,,,,,,,,,,,,,,,,,,,,,,,,,,,,,,,,,,,,,,,,,,,
213,33,1,,,,,,,,,,,,,,,,,,,,,,,,,,,,,,,,,,,,,,,,,,,,,,,,,,,,,,,,,,,,,,,,,,,,,,
214,34,1,,,,,,,,,,,,,,,,,,,,,,,,,,,,,,,,,,,,,,,,,,,,,,,,,,,,,,,,,,,,,,,,,,,,,,
215,35,1,,,,,,,,,,,,,,,,,,,,,,,,,,,,,,,,,,,,,,,,,,,,,,,,,,,,,,,,,,,,,,,,,,,,,,
216,36,1,,,,,,,,,,,,,,,,,,,,,,,,,,,,,,,,,,,,,,,,,,,,,,,,,,,,,,,,,,,,,,,,,,,,,,
217,37,1,,,,,,,,,,,,,,,,,,,,,,,,,,,,,,,,,,,,,,,,,,,,,,,,,,,,,,,,,,,,,,,,,,,,,,
218,38,1,,,,,,,,,,,,,,,,,,,,,,,,,,,,,,,,,,,,,,,,,,,,,,,,,,,,,,,,,,,,,,,,,,,,,,
219,39,1,,,,,,,,,,,,,,,,,,,,,,,,,,,,,,,,,,,,,,,,,,,,,,,,,,,,,,,,,,,,,,,,,,,,,,
220,40,1,,,,,,,,,,,,,,,,,,,,,,,,,,,,,,,,,,,,,,,,,,,,,,,,,,,,,,,,,,,,,,,,,,,,,,
221,41,1,,,,,,,,,,,,,,,,,,,,,,,,,,,,,,,,,,,,,,,,,,,,,,,,,,,,,,,,,,,,,,,,,,,,,,
222,42,1,,,,,,,,,,,,,,,,,,,,,,,,,,,,,,,,,,,,,,,,,,,,,,,,,,,,,,,,,,,,,,,,,,,,,,
223,43,1,,,,,,,,,,,,,,,,,,,,,,,,,,,,,,,,,,,,,,,,,,,,,,,,,,,,,,,,,,,,,,,,,,,,,,
224,44,1,,,,,,,,,,,,,,,,,,,,,,,,,,,,,,,,,,,,,,,,,,,,,,,,,,,,,,,,,,,,,,,,,,,,,,
225,45,1,,,,,,,,,,,,,,,,,,,,,,,,,,,,,,,,,,,,,,,,,,,,,,,,,,,,,,,,,,,,,,,,,,,,,,
226,46,1,,,,,,,,,,,,,,,,,,,,,,,,,,,,,,,,,,,,,,,,,,,,,,,,,,,,,,,,,,,,,,,,,,,,,,
227,47,1,,,,,,,,,,,,,,,,,,,,,,,,,,,,,,,,,,,,,,,,,,,,,,,,,,,,,,,,,,,,,,,,,,,,,,
228,48,1,,,,,,,,,,,,,,,,,,,,,,,,,,,,,,,,,,,,,,,,,,,,,,,,,,,,,,,,,,,,,,,,,,,,,,
229,49,1,,,,,,,,,,,,,,,,,,,,,,,,,,,,,,,,,,,,,,,,,,,,,,,,,,,,,,,,,,,,,,,,,,,,,,
230,50,1,,,,,,,,,,,,,,,,,,,,,,,,,,,,,,,,,,,,,,,,,,,,,,,,,,,,,,,,,,,,,,,,,,,,,,
231,51,1,,,,,,,,,,,,,,,,,,,,,,,,,,,,,,,,,,,,,,,,,,,,,,,,,,,,,,,,,,,,,,,,,,,,,,
232,52,1,,,,,,,,,,,,,,,,,,,,,,,,,,,,,,,,,,,,,,,,,,,,,,,,,,,,,,,,,,,,,,,,,,,,,,
233,53,1,,,,,,,,,,,,,,,,,,,,,,,,,,,,,,,,,,,,,,,,,,,,,,,,,,,,,,,,,,,,,,,,,,,,,,
234,54,1,,,,,,,,,,,,,,,,,,,,,,,,,,,,,,,,,,,,,,,,,,,,,,,,,,,,,,,,,,,,,,,,,,,,,,
235,55,1,,,,,,,,,,,,,,,,,,,,,,,,,,,,,,,,,,,,,,,,,,,,,,,,,,,,,,,,,,,,,,,,,,,,,,
236,56,1,,,,,,,,,,,,,,,,,,,,,,,,,,,,,,,,,,,,,,,,,,,,,,,,,,,,,,,,,,,,,,,,,,,,,,
237,57,1,,,,,,,,,,,,,,,,,,,,,,,,,,,,,,,,,,,,,,,,,,,,,,,,,,,,,,,,,,,,,,,,,,,,,,
238,58,1,,,,,,,,,,,,,,,,,,,,,,,,,,,,,,,,,,,,,,,,,,,,,,,,,,,,,,,,,,,,,,,,,,,,,,
239,59,1,,,,,,,,,,,,,,,,,,,,,,,,,,,,,,,,,,,,,,,,,,,,,,,,,,,,,,,,,,,,,,,,,,,,,,
240,60,1,,,,,,,,,,,,,,,,,,,,,,,,,,,,,,,,,,,,,,,,,,,,,,,,,,,,,,,,,,,,,,,,,,,,,,
241,61,1,,,,,,,,,,,,,,,,,,,,,,,,,,,,,,,,,,,,,,,,,,,,,,,,,,,,,,,,,,,,,,,,,,,,,,
242,62,1,,,,,,,,,,,,,,,,,,,,,,,,,,,,,,,,,,,,,,,,,,,,,,,,,,,,,,,,,,,,,,,,,,,,,,
243,63,1,,,,,,,,,,,,,,,,,,,,,,,,,,,,,,,,,,,,,,,,,,,,,,,,,,,,,,,,,,,,,,,,,,,,,,
244,64,1,,,,,,,,,,,,,,,,,,,,,,,,,,,,,,,,,,,,,,,,,,,,,,,,,,,,,,,,,,,,,,,,,,,,,,
245,65,1,,,,,,,,,,,,,,,,,,,,,,,,,,,,,,,,,,,,,,,,,,,,,,,,,,,,,,,,,,,,,,,,,,,,,,
246,66,1,,,,,,,,,,,,,,,,,,,,,,,,,,,,,,,,,,,,,,,,,,,,,,,,,,,,,,,,,,,,,,,,,,,,,,
247,67,1,,,,,,,,,,,,,,,,,,,,,,,,,,,,,,,,,,,,,,,,,,,,,,,,,,,,,,,,,,,,,,,,,,,,,,
248,68,1,,,,,,,,,,,,,,,,,,,,,,,,,,,,,,,,,,,,,,,,,,,,,,,,,,,,,,,,,,,,,,,,,,,,,,
249,69,1,,,,,,,,,,,,,,,,,,,,,,,,,,,,,,,,,,,,,,,,,,,,,,,,,,,,,,,,,,,,,,,,,,,,,,
250,70,1,,,,,,,,,,,,,,,,,,,,,,,,,,,,,,,,,,,,,,,,,,,,,,,,,,,,,,,,,,,,,,,,,,,,,,
251,71,1,,,,,,,,,,,,,,,,,,,,,,,,,,,,,,,,,,,,,,,,,,,,,,,,,,,,,,,,,,,,,,,,,,,,,,
252,72,1,,,,,,,,,,,,,,,,,,,,,,,,,,,,,,,,,,,,,,,,,,,,,,,,,,,,,,,,,,,,,,,,,,,,,,
253,73,1,,,,,,,,,,,,,,,,,,,,,,,,,,,,,,,,,,,,,,,,,,,,,,,,,,,,,,,,,,,,,,,,,,,,,,
254,74,1,,,,,,,,,,,,,,,,,,,,,,,,,,,,,,,,,,,,,,,,,,,,,,,,,,,,,,,,,,,,,,,,,,,,,,
255,75,1,,,,,,,,,,,,,,,,,,,,,,,,,,,,,,,,,,,,,,,,,,,,,,,,,,,,,,,,,,,,,,,,,,,,,,
256,76,1,,,,,,,,,,,,,,,,,,,,,,,,,,,,,,,,,,,,,,,,,,,,,,,,,,,,,,,,,,,,,,,,,,,,,,
257,77,1,,,,,,,,,,,,,,,,,,,,,,,,,,,,,,,,,,,,,,,,,,,,,,,,,,,,,,,,,,,,,,,,,,,,,,
258,78,1,,,,,,,,,,,,,,,,,,,,,,,,,,,,,,,,,,,,,,,,,,,,,,,,,,,,,,,,,,,,,,,,,,,,,,
259,79,1,,,,,,,,,,,,,,,,,,,,,,,,,,,,,,,,,,,,,,,,,,,,,,,,,,,,,,,,,,,,,,,,,,,,,,
260,80,1,,,,,,,,,,,,,,,,,,,,,,,,,,,,,,,,,,,,,,,,,,,,,,,,,,,,,,,,,,,,,,,,,,,,,,
261,81,1,,,,,,,,,,,,,,,,,,,,,,,,,,,,,,,,,,,,,,,,,,,,,,,,,,,,,,,,,,,,,,,,,,,,,,
262,82,1,,,,,,,,,,,,,,,,,,,,,,,,,,,,,,,,,,,,,,,,,,,,,,,,,,,,,,,,,,,,,,,,,,,,,,
263,83,1,,,,,,,,,,,,,,,,,,,,,,,,,,,,,,,,,,,,,,,,,,,,,,,,,,,,,,,,,,,,,,,,,,,,,,
264,84,1,,,,,,,,,,,,,,,,,,,,,,,,,,,,,,,,,,,,,,,,,,,,,,,,,,,,,,,,,,,,,,,,,,,,,,
265,85,1,,,,,,,,,,,,,,,,,,,,,,,,,,,,,,,,,,,,,,,,,,,,,,,,,,,,,,,,,,,,,,,,,,,,,,
266,86,1,,,,,,,,,,,,,,,,,,,,,,,,,,,,,,,,,,,,,,,,,,,,,,,,,,,,,,,,,,,,,,,,,,,,,,
267,87,1,,,,,,,,,,,,,,,,,,,,,,,,,,,,,,,,,,,,,,,,,,,,,,,,,,,,,,,,,,,,,,,,,,,,,,
268,88,1,,,,,,,,,,,,,,,,,,,,,,,,,,,,,,,,,,,,,,,,,,,,,,,,,,,,,,,,,,,,,,,,,,,,,,
269,89,1,,,,,,,,,,,,,,,,,,,,,,,,,,,,,,,,,,,,,,,,,,,,,,,,,,,,,,,,,,,,,,,,,,,,,,
270,90,1,,,,,,,,,,,,,,,,,,,,,,,,,,,,,,,,,,,,,,,,,,,,,,,,,,,,,,,,,,,,,,,,,,,,,,
271,91,1,,,,,,,,,,,,,,,,,,,,,,,,,,,,,,,,,,,,,,,,,,,,,,,,,,,,,,,,,,,,,,,,,,,,,,
272,92,1,,,,,,,,,,,,,,,,,,,,,,,,,,,,,,,,,,,,,,,,,,,,,,,,,,,,,,,,,,,,,,,,,,,,,,
273,93,1,,,,,,,,,,,,,,,,,,,,,,,,,,,,,,,,,,,,,,,,,,,,,,,,,,,,,,,,,,,,,,,,,,,,,,
274,94,1,,,,,,,,,,,,,,,,,,,,,,,,,,,,,,,,,,,,,,,,,,,,,,,,,,,,,,,,,,,,,,,,,,,,,,
275,95,1,,,,,,,,,,,,,,,,,,,,,,,,,,,,,,,,,,,,,,,,,,,,,,,,,,,,,,,,,,,,,,,,,,,,,,
276,96,1,,,,,,,,,,,,,,,,,,,,,,,,,,,,,,,,,,,,,,,,,,,,,,,,,,,,,,,,,,,,,,,,,,,,,,
277,97,1,,,,,,,,,,,,,,,,,,,,,,,,,,,,,,,,,,,,,,,,,,,,,,,,,,,,,,,,,,,,,,,,,,,,,,
278,98,1,,,,,,,,,,,,,,,,,,,,,,,,,,,,,,,,,,,,,,,,,,,,,,,,,,,,,,,,,,,,,,,,,,,,,,
279,99,1,,,,,,,,,,,,,,,,,,,,,,,,,,,,,,,,,,,,,,,,,,,,,,,,,,,,,,,,,,,,,,,,,,,,,,
280,100,1,,,,,,,,,,,,,,,,,,,,,,,,,,,,,,,,,,,,,,,,,,,,,,,,,,,,,,,,,,,,,,,,,,,,,,
281,101,1,,,,,,,,,,,,,,,,,,,,,,,,,,,,,,,,,,,,,,,,,,,,,,,,,,,,,,,,,,,,,,,,,,,,,,
282,102,1,,,,,,,,,,,,,,,,,,,,,,,,,,,,,,,,,,,,,,,,,,,,,,,,,,,,,,,,,,,,,,,,,,,,,,
283,103,1,,,,,,,,,,,,,,,,,,,,,,,,,,,,,,,,,,,,,,,,,,,,,,,,,,,,,,,,,,,,,,,,,,,,,,
284,104,1,,,,,,,,,,,,,,,,,,,,,,,,,,,,,,,,,,,,,,,,,,,,,,,,,,,,,,,,,,,,,,,,,,,,,,
285,105,1,,,,,,,,,,,,,,,,,,,,,,,,,,,,,,,,,,,,,,,,,,,,,,,,,,,,,,,,,,,,,,,,,,,,,,
286,106,1,,,,,,,,,,,,,,,,,,,,,,,,,,,,,,,,,,,,,,,,,,,,,,,,,,,,,,,,,,,,,,,,,,,,,,
287,107,1,,,,,,,,,,,,,,,,,,,,,,,,,,,,,,,,,,,,,,,,,,,,,,,,,,,,,,,,,,,,,,,,,,,,,,
288,108,1,,,,,,,,,,,,,,,,,,,,,,,,,,,,,,,,,,,,,,,,,,,,,,,,,,,,,,,,,,,,,,,,,,,,,,
289,109,1,,,,,,,,,,,,,,,,,,,,,,,,,,,,,,,,,,,,,,,,,,,,,,,,,,,,,,,,,,,,,,,,,,,,,,
290,110,1,,,,,,,,,,,,,,,,,,,,,,,,,,,,,,,,,,,,,,,,,,,,,,,,,,,,,,,,,,,,,,,,,,,,,,
291,111,1,,,,,,,,,,,,,,,,,,,,,,,,,,,,,,,,,,,,,,,,,,,,,,,,,,,,,,,,,,,,,,,,,,,,,,
292,112,1,,,,,,,,,,,,,,,,,,,,,,,,,,,,,,,,,,,,,,,,,,,,,,,,,,,,,,,,,,,,,,,,,,,,,,
293,113,1,,,,,,,,,,,,,,,,,,,,,,,,,,,,,,,,,,,,,,,,,,,,,,,,,,,,,,,,,,,,,,,,,,,,,,
294,114,1,,,,,,,,,,,,,,,,,,,,,,,,,,,,,,,,,,,,,,,,,,,,,,,,,,,,,,,,,,,,,,,,,,,,,,
295,115,1,,,,,,,,,,,,,,,,,,,,,,,,,,,,,,,,,,,,,,,,,,,,,,,,,,,,,,,,,,,,,,,,,,,,,,
296,116,1,,,,,,,,,,,,,,,,,,,,,,,,,,,,,,,,,,,,,,,,,,,,,,,,,,,,,,,,,,,,,,,,,,,,,,
297,117,1,,,,,,,,,,,,,,,,,,,,,,,,,,,,,,,,,,,,,,,,,,,,,,,,,,,,,,,,,,,,,,,,,,,,,,
298,118,1,,,,,,,,,,,,,,,,,,,,,,,,,,,,,,,,,,,,,,,,,,,,,,,,,,,,,,,,,,,,,,,,,,,,,,
299,119,1,,,,,,,,,,,,,,,,,,,,,,,,,,,,,,,,,,,,,,,,,,,,,,,,,,,,,,,,,,,,,,,,,,,,,,
300,120,1,,,,,,,,,,,,,,,,,,,,,,,,,,,,,,,,,,,,,,,,,,,,,,,,,,,,,,,,,,,,,,,,,,,,,,
301,121,1,,,,,,,,,,,,,,,,,,,,,,,,,,,,,,,,,,,,,,,,,,,,,,,,,,,,,,,,,,,,,,,,,,,,,,
302,122,1,,,,,,,,,,,,,,,,,,,,,,,,,,,,,,,,,,,,,,,,,,,,,,,,,,,,,,,,,,,,,,,,,,,,,,
303,123,1,,,,,,,,,,,,,,,,,,,,,,,,,,,,,,,,,,,,,,,,,,,,,,,,,,,,,,,,,,,,,,,,,,,,,,
304,124,1,,,,,,,,,,,,,,,,,,,,,,,,,,,,,,,,,,,,,,,,,,,,,,,,,,,,,,,,,,,,,,,,,,,,,,
305,125,1,,,,,,,,,,,,,,,,,,,,,,,,,,,,,,,,,,,,,,,,,,,,,,,,,,,,,,,,,,,,,,,,,,,,,,
306,126,1,,,,,,,,,,,,,,,,,,,,,,,,,,,,,,,,,,,,,,,,,,,,,,,,,,,,,,,,,,,,,,,,,,,,,,
307,127,1,,,,,,,,,,,,,,,,,,,,,,,,,,,,,,,,,,,,,,,,,,,,,,,,,,,,,,,,,,,,,,,,,,,,,,
308,128,1,,,,,,,,,,,,,,,,,,,,,,,,,,,,,,,,,,,,,,,,,,,,,,,,,,,,,,,,,,,,,,,,,,,,,,
309,129,1,,,,,,,,,,,,,,,,,,,,,,,,,,,,,,,,,,,,,,,,,,,,,,,,,,,,,,,,,,,,,,,,,,,,,,
310,130,1,,,,,,,,,,,,,,,,,,,,,,,,,,,,,,,,,,,,,,,,,,,,,,,,,,,,,,,,,,,,,,,,,,,,,,
311,131,1,,,,,,,,,,,,,,,,,,,,,,,,,,,,,,,,,,,,,,,,,,,,,,,,,,,,,,,,,,,,,,,,,,,,,,
312,132,1,,,,,,,,,,,,,,,,,,,,,,,,,,,,,,,,,,,,,,,,,,,,,,,,,,,,,,,,,,,,,,,,,,,,,,
313,133,1,,,,,,,,,,,,,,,,,,,,,,,,,,,,,,,,,,,,,,,,,,,,,,,,,,,,,,,,,,,,,,,,,,,,,,
314,134,1,,,,,,,,,,,,,,,,,,,,,,,,,,,,,,,,,,,,,,,,,,,,,,,,,,,,,,,,,,,,,,,,,,,,,,
315,135,1,,,,,,,,,,,,,,,,,,,,,,,,,,,,,,,,,,,,,,,,,,,,,,,,,,,,,,,,,,,,,,,,,,,,,,
316,136,1,,,,,,,,,,,,,,,,,,,,,,,,,,,,,,,,,,,,,,,,,,,,,,,,,,,,,,,,,,,,,,,,,,,,,,
317,137,1,,,,,,,,,,,,,,,,,,,,,,,,,,,,,,,,,,,,,,,,,,,,,,,,,,,,,,,,,,,,,,,,,,,,,,
318,138,1,,,,,,,,,,,,,,,,,,,,,,,,,,,,,,,,,,,,,,,,,,,,,,,,,,,,,,,,,,,,,,,,,,,,,,
319,139,1,,,,,,,,,,,,,,,,,,,,,,,,,,,,,,,,,,,,,,,,,,,,,,,,,,,,,,,,,,,,,,,,,,,,,,
320,140,1,,,,,,,,,,,,,,,,,,,,,,,,,,,,,,,,,,,,,,,,,,,,,,,,,,,,,,,,,,,,,,,,,,,,,,
321,141,1,,,,,,,,,,,,,,,,,,,,,,,,,,,,,,,,,,,,,,,,,,,,,,,,,,,,,,,,,,,,,,,,,,,,,,
322,142,1,,,,,,,,,,,,,,,,,,,,,,,,,,,,,,,,,,,,,,,,,,,,,,,,,,,,,,,,,,,,,,,,,,,,,,
323,143,1,,,,,,,,,,,,,,,,,,,,,,,,,,,,,,,,,,,,,,,,,,,,,,,,,,,,,,,,,,,,,,,,,,,,,,
324,144,1,,,,,,,,,,,,,,,,,,,,,,,,,,,,,,,,,,,,,,,,,,,,,,,,,,,,,,,,,,,,,,,,,,,,,,
325,145,1,,,,,,,,,,,,,,,,,,,,,,,,,,,,,,,,,,,,,,,,,,,,,,,,,,,,,,,,,,,,,,,,,,,,,,
326,146,1,,,,,,,,,,,,,,,,,,,,,,,,,,,,,,,,,,,,,,,,,,,,,,,,,,,,,,,,,,,,,,,,,,,,,,
327,147,1,,,,,,,,,,,,,,,,,,,,,,,,,,,,,,,,,,,,,,,,,,,,,,,,,,,,,,,,,,,,,,,,,,,,,,
328,148,1,,,,,,,,,,,,,,,,,,,,,,,,,,,,,,,,,,,,,,,,,,,,,,,,,,,,,,,,,,,,,,,,,,,,,,
329,149,1,,,,,,,,,,,,,,,,,,,,,,,,,,,,,,,,,,,,,,,,,,,,,,,,,,,,,,,,,,,,,,,,,,,,,,
330,150,1,,,,,,,,,,,,,,,,,,,,,,,,,,,,,,,,,,,,,,,,,,,,,,,,,,,,,,,,,,,,,,,,,,,,,,
331,151,1,,,,,,,,,,,,,,,,,,,,,,,,,,,,,,,,,,,,,,,,,,,,,,,,,,,,,,,,,,,,,,,,,,,,,,
332,152,1,,,,,,,,,,,,,,,,,,,,,,,,,,,,,,,,,,,,,,,,,,,,,,,,,,,,,,,,,,,,,,,,,,,,,,
333,153,1,,,,,,,,,,,,,,,,,,,,,,,,,,,,,,,,,,,,,,,,,,,,,,,,,,,,,,,,,,,,,,,,,,,,,,
334,154,1,,,,,,,,,,,,,,,,,,,,,,,,,,,,,,,,,,,,,,,,,,,,,,,,,,,,,,,,,,,,,,,,,,,,,,
335,155,1,,,,,,,,,,,,,,,,,,,,,,,,,,,,,,,,,,,,,,,,,,,,,,,,,,,,,,,,,,,,,,,,,,,,,,
336,156,1,,,,,,,,,,,,,,,,,,,,,,,,,,,,,,,,,,,,,,,,,,,,,,,,,,,,,,,,,,,,,,,,,,,,,,
337,157,1,,,,,,,,,,,,,,,,,,,,,,,,,,,,,,,,,,,,,,,,,,,,,,,,,,,,,,,,,,,,,,,,,,,,,,
338,158,1,,,,,,,,,,,,,,,,,,,,,,,,,,,,,,,,,,,,,,,,,,,,,,,,,,,,,,,,,,,,,,,,,,,,,,
339,159,1,,,,,,,,,,,,,,,,,,,,,,,,,,,,,,,,,,,,,,,,,,,,,,,,,,,,,,,,,,,,,,,,,,,,,,
340,160,1,,,,,,,,,,,,,,,,,,,,,,,,,,,,,,,,,,,,,,,,,,,,,,,,,,,,,,,,,,,,,,,,,,,,,,
341,161,1,,,,,,,,,,,,,,,,,,,,,,,,,,,,,,,,,,,,,,,,,,,,,,,,,,,,,,,,,,,,,,,,,,,,,,
342,162,1,,,,,,,,,,,,,,,,,,,,,,,,,,,,,,,,,,,,,,,,,,,,,,,,,,,,,,,,,,,,,,,,,,,,,,
343,163,1,,,,,,,,,,,,,,,,,,,,,,,,,,,,,,,,,,,,,,,,,,,,,,,,,,,,,,,,,,,,,,,,,,,,,,
344,164,1,,,,,,,,,,,,,,,,,,,,,,,,,,,,,,,,,,,,,,,,,,,,,,,,,,,,,,,,,,,,,,,,,,,,,,
345,165,1,,,,,,,,,,,,,,,,,,,,,,,,,,,,,,,,,,,,,,,,,,,,,,,,,,,,,,,,,,,,,,,,,,,,,,
346,166,1,,,,,,,,,,,,,,,,,,,,,,,,,,,,,,,,,,,,,,,,,,,,,,,,,,,,,,,,,,,,,,,,,,,,,,
347,167,1,,,,,,,,,,,,,,,,,,,,,,,,,,,,,,,,,,,,,,,,,,,,,,,,,,,,,,,,,,,,,,,,,,,,,,
348,168,1,,,,,,,,,,,,,,,,,,,,,,,,,,,,,,,,,,,,,,,,,,,,,,,,,,,,,,,,,,,,,,,,,,,,,,
349,169,1,,,,,,,,,,,,,,,,,,,,,,,,,,,,,,,,,,,,,,,,,,,,,,,,,,,,,,,,,,,,,,,,,,,,,,
350,170,1,,,,,,,,,,,,,,,,,,,,,,,,,,,,,,,,,,,,,,,,,,,,,,,,,,,,,,,,,,,,,,,,,,,,,,
351,171,1,,,,,,,,,,,,,,,,,,,,,,,,,,,,,,,,,,,,,,,,,,,,,,,,,,,,,,,,,,,,,,,,,,,,,,
352,172,1,,,,,,,,,,,,,,,,,,,,,,,,,,,,,,,,,,,,,,,,,,,,,,,,,,,,,,,,,,,,,,,,,,,,,,
353,173,1,,,,,,,,,,,,,,,,,,,,,,,,,,,,,,,,,,,,,,,,,,,,,,,,,,,,,,,,,,,,,,,,,,,,,,
354,174,1,,,,,,,,,,,,,,,,,,,,,,,,,,,,,,,,,,,,,,,,,,,,,,,,,,,,,,,,,,,,,,,,,,,,,,
355,175,1,,,,,,,,,,,,,,,,,,,,,,,,,,,,,,,,,,,,,,,,,,,,,,,,,,,,,,,,,,,,,,,,,,,,,,
356,176,1,,,,,,,,,,,,,,,,,,,,,,,,,,,,,,,,,,,,,,,,,,,,,,,,,,,,,,,,,,,,,,,,,,,,,,
357,177,1,,,,,,,,,,,,,,,,,,,,,,,,,,,,,,,,,,,,,,,,,,,,,,,,,,,,,,,,,,,,,,,,,,,,,,
358,178,1,,,,,,,,,,,,,,,,,,,,,,,,,,,,,,,,,,,,,,,,,,,,,,,,,,,,,,,,,,,,,,,,,,,,,,
359,179,1,,,,,,,,,,,,,,,,,,,,,,,,,,,,,,,,,,,,,,,,,,,,,,,,,,,,,,,,,,,,,,,,,,,,,,
360,180,1,,,,,,,,,,,,,,,,,,,,,,,,,,,,,,,,,,,,,,,,,,,,,,,,,,,,,,,,,,,,,,,,,,,,,,
361,181,0.68,182,0.98,183,0.56,184,0.27,185,0.22,186,0.23,187,0.25,188,0.15,189,0.06,190,0.02,191,0,192,-0.01,193,0.28,194,0,195,0.13,196,0.18,197,0.15,198,0.13,199,0.12,200,0.07,201,0.03,202,0.01,203,0,204,-0.01,,,,,,,,,,,,,,,,,,,,,,,,
362,181,-0.2,182,0,183,0.25,184,0.61,185,1.06,186,1.5,187,1.5,188,1.06,189,0.61,190,0.25,191,0,192,-0.2,193,-0.16,194,0,195,0.19,196,0.38,197,0.58,198,0.71,199,0.71,200,0.58,201,0.38,202,0.19,203,0,204,-0.16,,,,,,,,,,,,,,,,,,,,,,,,
363,181,-0.01,182,0,183,0.02,184,0.06,185,0.15,186,0.25,187,0.23,188,0.22,189,0.27,190,0.56,191,0.98,192,0.68,193,-0.01,194,0,195,0.01,196,0.03,197,0.07,198,0.12,199,0.13,200,0.15,201,0.18,202,0.13,203,0,204,0.28,,,,,,,,,,,,,,,,,,,,,,,,
364,181,0.24,182,0,183,0.18,184,0.26,185,0.21,186,0.14,187,0.13,188,0.12,189,0.1,190,0.06,191,0,192,-0.05,193,0.63,194,0.98,195,0.64,196,0.4,197,0.31,198,0.24,199,0.26,200,0.24,201,0.18,202,0.09,203,0,204,-0.08,205,0.24,206,0,207,0.18,208,0.26,209,0.21,210,0.14,211,0.13,212,0.12,213,0.1,214,0.06,215,0,216,-0.05
365,181,-0.62,182,0,183,0.62,184,0.95,185,0.65,186,0.08,187,0.08,188,0.65,189,0.95,190,0.62,191,0,192,-0.62,193,-0.94,194,0,195,1.05,196,1.9,197,1.74,198,0.15,199,0.15,200,1.74,201,1.9,202,1.05,203,0,204,-0.94,205,-0.62,206,0,207,0.62,208,0.95,209,0.65,210,0.08,211,0.08,212,0.65,213,0.95,214,0.62,215,0,216,-0.62
366,181,0.22,182,0,183,-0.2,184,-0.2,185,0.25,186,0.68,187,0.68,188,0.25,189,-0.2,190,-0.2,191,0,192,0.22,193,0.36,194,0,195,-0.39,196,-0.62,197,-0.19,198,1.35,199,1.35,200,-0.19,201,-0.62,202,-0.39,203,0,204,0.36,205,0.22,206,0,207,-0.2,208,-0.2,209,0.25,210,0.68,211,0.68,212,0.25,213,-0.2,214,-0.2,215,0,216,0.22
367,181,-0.62,182,0,183,0.62,184,0.95,185,0.65,186,0.08,187,0.08,188,0.65,189,0.95,190,0.62,191,0,192,-0.62,193,-0.94,194,0,195,1.05,196,1.9,197,1.74,198,0.15,199,0.15,200,1.74,201,1.9,202,1.05,203,0,204,-0.94,205,-0.62,206,0,207,0.62,208,0.95,209,0.65,210,0.08,211,0.08,212,0.65,213,0.95,214,0.62,215,0,216,-0.62
368,181,-0.05,182,0,183,0.06,184,0.1,185,0.12,186,0.13,187,0.14,188,0.21,189,0.26,190,0.18,191,0,192,0.24,193,-0.08,194,0,195,0.09,196,0.18,197,0.24,198,0.26,199,0.24,200,0.31,201,0.4,202,0.64,203,0.98,204,0.63,205,-0.05,206,0,207,0.06,208,0.1,209,0.12,210,0.13,211,0.14,212,0.21,213,0.26,214,0.18,215,0,216,0.24
369,193,0.28,194,0,195,0.13,196,0.18,197,0.15,198,0.13,199,0.12,200,0.07,201,0.03,202,0.01,203,0,204,-0.01,205,0.68,206,0.98,207,0.56,208,0.27,209,0.22,210,0.23,211,0.25,212,0.15,213,0.06,214,0.02,215,0,216,-0.01,217,0.28,218,0,219,0.13,220,0.18,221,0.15,222,0.13,223,0.12,224,0.07,225,0.03,226,0.01,227,0,228,-0.01
370,193,-0.16,194,0,195,0.19,196,0.38,197,0.58,198,0.71,199,0.71,200,0.58,201,0.38,202,0.19,203,0,204,-0.16,205,-0.2,206,0,207,0.25,208,0.61,209,1.06,210,1.5,211,1.5,212,1.06,213,0.61,214,0.25,215,0,216,-0.2,217,-0.16,218,0,219,0.19,220,0.38,221,0.58,222,0.71,223,0.71,224,0.58,225,0.38,226,0.19,227,0,228,-0.16
371,193,-0.01,194,0,195,0.01,196,0.03,197,0.07,198,0.12,199,0.13,200,0.15,201,0.18,202,0.13,203,0,204,0.28,205,-0.01,206,0,207,0.02,208,0.06,209,0.15,210,0.25,211,0.23,212,0.22,213,0.27,214,0.56,215,0.98,216,0.68,217,-0.01,218,0,219,0.01,220,0.03,221,0.07,222,0.12,223,0.13,224,0.15,225,0.18,226,0.13,227,0,228,0.28
372,205,0.24,206,0,207,0.18,208,0.26,209,0.21,210,0.14,211,0.13,212,0.12,213,0.1,214,0.06,215,0,216,-0.05,217,0.63,218,0.98,219,0.64,220,0.4,221,0.31,222,0.24,223,0.26,224,0.24,225,0.18,226,0.09,227,0,228,-0.08,229,0.24,230,0,231,0.18,232,0.26,233,0.21,234,0.14,235,0.13,236,0.12,237,0.1,238,0.06,239,0,240,-0.05
373,205,-0.62,206,0,207,0.62,208,0.95,209,0.65,210,0.08,211,0.08,212,0.65,213,0.95,214,0.62,215,0,216,-0.62,217,-0.94,218,0,219,1.05,220,1.9,221,1.74,222,0.15,223,0.15,224,1.74,225,1.9,226,1.05,227,0,228,-0.94,229,-0.62,230,0,231,0.62,232,0.95,233,0.65,234,0.08,235,0.08,236,0.65,237,0.95,238,0.62,239,0,240,-0.62
374,205,0.22,206,0,207,-0.2,208,-0.2,209,0.25,210,0.68,211,0.68,212,0.25,213,-0.2,214,-0.2,215,0,216,0.22,217,0.36,218,0,219,-0.39,220,-0.62,221,-0.19,222,1.35,223,1.35,224,-0.19,225,-0.62,226,-0.39,227,0,228,0.36,229,0.22,230,0,231,-0.2,232,-0.2,233,0.25,234,0.68,235,0.68,236,0.25,237,-0.2,238,-0.2,239,0,240,0.22
375,205,-0.62,206,0,207,0.62,208,0.95,209,0.65,210,0.08,211,0.08,212,0.65,213,0.95,214,0.62,215,0,216,-0.62,217,-0.94,218,0,219,1.05,220,1.9,221,1.74,222,0.15,223,0.15,224,1.74,225,1.9,226,1.05,227,0,228,-0.94,229,-0.62,230,0,231,0.62,232,0.95,233,0.65,234,0.08,235,0.08,236,0.65,237,0.95,238,0.62,239,0,240,-0.62
376,205,-0.05,206,0,207,0.06,208,0.1,209,0.12,210,0.13,211,0.14,212,0.21,213,0.26,214,0.18,215,0,216,0.24,217,-0.08,218,0,219,0.09,220,0.18,221,0.24,222,0.26,223,0.24,224,0.31,225,0.4,226,0.64,227,0.98,228,0.63,229,-0.05,230,0,231,0.06,232,0.1,233,0.12,234,0.13,235,0.14,236,0.21,237,0.26,238,0.18,239,0,240,0.24
377,217,0.28,218,0,219,0.13,220,0.18,221,0.15,222,0.13,223,0.12,224,0.07,225,0.03,226,0.01,227,0,228,-0.01,229,0.68,230,0.98,231,0.56,232,0.27,233,0.22,234,0.23,235,0.25,236,0.15,237,0.06,238,0.02,239,0,240,-0.01,241,0.28,242,0,243,0.13,244,0.18,245,0.15,246,0.13,247,0.12,248,0.07,249,0.03,250,0.01,251,0,252,-0.01
378,217,-0.16,218,0,219,0.19,220,0.38,221,0.58,222,0.71,223,0.71,224,0.58,225,0.38,226,0.19,227,0,228,-0.16,229,-0.2,230,0,231,0.25,232,0.61,233,1.06,234,1.5,235,1.5,236,1.06,237,0.61,238,0.25,239,0,240,-0.2,241,-0.16,242,0,243,0.19,244,0.38,245,0.58,246,0.71,247,0.71,248,0.58,249,0.38,250,0.19,251,0,252,-0.16
379,217,-0.01,218,0,219,0.01,220,0.03,221,0.07,222,0.12,223,0.13,224,0.15,225,0.18,226,0.13,227,0,228,0.28,229,-0.01,230,0,231,0.02,232,0.06,233,0.15,234,0.25,235,0.23,236,0.22,237,0.27,238,0.56,239,0.98,240,0.68,241,-0.01,242,0,243,0.01,244,0.03,245,0.07,246,0.12,247,0.13,248,0.15,249,0.18,250,0.13,251,0,252,0.28
380,229,0.24,230,0,231,0.18,232,0.26,233,0.21,234,0.14,235,0.13,236,0.12,237,0.1,238,0.06,239,0,240,-0.05,241,0.63,242,0.98,243,0.64,244,0.4,245,0.31,246,0.24,247,0.26,248,0.24,249,0.18,250,0.09,251,0,252,-0.08,253,0.24,254,0,255,0.18,256,0.26,257,0.21,258,0.14,259,0.13,260,0.12,261,0.1,262,0.06,263,0,264,-0.05
381,229,-0.62,230,0,231,0.62,232,0.95,233,0.65,234,0.08,235,0.08,236,0.65,237,0.95,238,0.62,239,0,240,-0.62,241,-0.94,242,0,243,1.05,244,1.9,245,1.74,246,0.15,247,0.15,248,1.74,249,1.9,250,1.05,251,0,252,-0.94,253,-0.62,254,0,255,0.62,256,0.95,257,0.65,258,0.08,259,0.08,260,0.65,261,0.95,262,0.62,263,0,264,-0.62
382,229,0.22,230,0,231,-0.2,232,-0.2,233,0.25,234,0.68,235,0.68,236,0.25,237,-0.2,238,-0.2,239,0,240,0.22,241,0.36,242,0,243,-0.39,244,-0.62,245,-0.19,246,1.35,247,1.35,248,-0.19,249,-0.62,250,-0.39,251,0,252,0.36,253,0.22,254,0,255,-0.2,256,-0.2,257,0.25,258,0.68,259,0.68,260,0.25,261,-0.2,262,-0.2,263,0,264,0.22
383,229,-0.62,230,0,231,0.62,232,0.95,233,0.65,234,0.08,235,0.08,236,0.65,237,0.95,238,0.62,239,0,240,-0.62,241,-0.94,242,0,243,1.05,244,1.9,245,1.74,246,0.15,247,0.15,248,1.74,249,1.9,250,1.05,251,0,252,-0.94,253,-0.62,254,0,255,0.62,256,0.95,257,0.65,258,0.08,259,0.08,260,0.65,261,0.95,262,0.62,263,0,264,-0.62
384,229,-0.05,230,0,231,0.06,232,0.1,233,0.12,234,0.13,235,0.14,236,0.21,237,0.26,238,0.18,239,0,240,0.24,241,-0.08,242,0,243,0.09,244,0.18,245,0.24,246,0.26,247,0.24,248,0.31,249,0.4,250,0.64,251,0.98,252,0.63,253,-0.05,254,0,255,0.06,256,0.1,257,0.12,258,0.13,259,0.14,260,0.21,261,0.26,262,0.18,263,0,264,0.24
385,241,0.28,242,0,243,0.13,244,0.18,245,0.15,246,0.13,247,0.12,248,0.07,249,0.03,250,0.01,251,0,252,-0.01,253,0.68,254,0.98,255,0.56,256,0.27,257,0.22,258,0.23,259,0.25,260,0.15,261,0.06,262,0.02,263,0,264,-0.01,265,0.28,266,0,267,0.13,268,0.18,269,0.15,270,0.13,271,0.12,272,0.07,273,0.03,274,0.01,275,0,276,-0.01
386,241,-0.16,242,0,243,0.19,244,0.38,245,0.58,246,0.71,247,0.71,248,0.58,249,0.38,250,0.19,251,0,252,-0.16,253,-0.2,254,0,255,0.25,256,0.61,257,1.06,258,1.5,259,1.5,260,1.06,261,0.61,262,0.25,263,0,264,-0.2,265,-0.16,266,0,267,0.19,268,0.38,269,0.58,270,0.71,271,0.71,272,0.58,273,0.38,274,0.19,275,0,276,-0.16
387,241,-0.01,242,0,243,0.01,244,0.03,245,0.07,246,0.12,247,0.13,248,0.15,249,0.18,250,0.13,251,0,252,0.28,253,-0.01,254,0,255,0.02,256,0.06,257,0.15,258,0.25,259,0.23,260,0.22,261,0.27,262,0.56,263,0.98,264,0.68,265,-0.01,266,0,267,0.01,268,0.03,269,0.07,270,0.12,271,0.13,272,0.15,273,0.18,274,0.13,275,0,276,0.28
388,253,0.24,254,0,255,0.18,256,0.26,257,0.21,258,0.14,259,0.13,260,0.12,261,0.1,262,0.06,263,0,264,-0.05,265,0.63,266,0.98,267,0.64,268,0.4,269,0.31,270,0.24,271,0.26,272,0.24,273,0.18,274,0.09,275,0,276,-0.08,277,0.24,278,0,279,0.18,280,0.26,281,0.21,282,0.14,283,0.13,284,0.12,285,0.1,286,0.06,287,0,288,-0.05
389,253,-0.62,254,0,255,0.62,256,0.95,257,0.65,258,0.08,259,0.08,260,0.65,261,0.95,262,0.62,263,0,264,-0.62,265,-0.94,266,0,267,1.05,268,1.9,269,1.74,270,0.15,271,0.15,272,1.74,273,1.9,274,1.05,275,0,276,-0.94,277,-0.62,278,0,279,0.62,280,0.95,281,0.65,282,0.08,283,0.08,284,0.65,285,0.95,286,0.62,287,0,288,-0.62
390,253,0.22,254,0,255,-0.2,256,-0.2,257,0.25,258,0.68,259,0.68,260,0.25,261,-0.2,262,-0.2,263,0,264,0.22,265,0.36,266,0,267,-0.39,268,-0.62,269,-0.19,270,1.35,271,1.35,272,-0.19,273,-0.62,274,-0.39,275,0,276,0.36,277,0.22,278,0,279,-0.2,280,-0.2,281,0.25,282,0.68,283,0.68,284,0.25,285,-0.2,286,-0.2,287,0,288,0.22
391,253,-0.62,254,0,255,0.62,256,0.95,257,0.65,258,0.08,259,0.08,260,0.65,261,0.95,262,0.62,263,0,264,-0.62,265,-0.94,266,0,267,1.05,268,1.9,269,1.74,270,0.15,271,0.15,272,1.74,273,1.9,274,1.05,275,0,276,-0.94,277,-0.62,278,0,279,0.62,280,0.95,281,0.65,282,0.08,283,0.08,284,0.65,285,0.95,286,0.62,287,0,288,-0.62
392,253,-0.05,254,0,255,0.06,256,0.1,257,0.12,258,0.13,259,0.14,260,0.21,261,0.26,262,0.18,263,0,264,0.24,265,-0.08,266,0,267,0.09,268,0.18,269,0.24,270,0.26,271,0.24,272,0.31,273,0.4,274,0.64,275,0.98,276,0.63,277,-0.05,278,0,279,0.06,280,0.1,281,0.12,282,0.13,283,0.14,284,0.21,285,0.26,286,0.18,287,0,288,0.24
393,265,0.28,266,0,267,0.13,268,0.18,269,0.15,270,0.13,271,0.12,272,0.07,273,0.03,274,0.01,275,0,276,-0.01,277,0.68,278,0.98,279,0.56,280,0.27,281,0.22,282,0.23,283,0.25,284,0.15,285,0.06,286,0.02,287,0,288,-0.01,289,0.28,290,0,291,0.13,292,0.18,293,0.15,294,0.13,295,0.12,296,0.07,297,0.03,298,0.01,299,0,300,-0.01
394,265,-0.16,266,0,267,0.19,268,0.38,269,0.58,270,0.71,271,0.71,272,0.58,273,0.38,274,0.19,275,0,276,-0.16,277,-0.2,278,0,279,0.25,280,0.61,281,1.06,282,1.5,283,1.5,284,1.06,285,0.61,286,0.25,287,0,288,-0.2,289,-0.16,290,0,291,0.19,292,0.38,293,0.58,294,0.71,295,0.71,296,0.58,297,0.38,298,0.19,299,0,300,-0.16
395,265,-0.01,266,0,267,0.01,268,0.03,269,0.07,270,0.12,271,0.13,272,0.15,273,0.18,274,0.13,275,0,276,0.28,277,-0.01,278,0,279,0.02,280,0.06,281,0.15,282,0.25,283,0.23,284,0.22,285,0.27,286,0.56,287,0.98,288,0.68,289,-0.01,290,0,291,0.01,292,0.03,293,0.07,294,0.12,295,0.13,296,0.15,297,0.18,298,0.13,299,0,300,0.28
396,277,0.24,278,0,279,0.18,280,0.26,281,0.21,282,0.14,283,0.13,284,0.12,285,0.1,286,0.06,287,0,288,-0.05,289,0.63,290,0.98,291,0.64,292,0.4,293,0.31,294,0.24,295,0.26,296,0.24,297,0.18,298,0.09,299,0,300,-0.08,301,0.24,302,0,303,0.18,304,0.26,305,0.21,306,0.14,307,0.13,308,0.12,309,0.1,310,0.06,311,0,312,-0.05
397,277,-0.62,278,0,279,0.62,280,0.95,281,0.65,282,0.08,283,0.08,284,0.65,285,0.95,286,0.62,287,0,288,-0.62,289,-0.94,290,0,291,1.05,292,1.9,293,1.74,294,0.15,295,0.15,296,1.74,297,1.9,298,1.05,299,0,300,-0.94,301,-0.62,302,0,303,0.62,304,0.95,305,0.65,306,0.08,307,0.08,308,0.65,309,0.95,310,0.62,311,0,312,-0.62
398,277,0.22,278,0,279,-0.2,280,-0.2,281,0.25,282,0.68,283,0.68,284,0.25,285,-0.2,286,-0.2,287,0,288,0.22,289,0.36,290,0,291,-0.39,292,-0.62,293,-0.19,294,1.35,295,1.35,296,-0.19,297,-0.62,298,-0.39,299,0,300,0.36,301,0.22,302,0,303,-0.2,304,-0.2,305,0.25,306,0.68,307,0.68,308,0.25,309,-0.2,310,-0.2,311,0,312,0.22
399,277,-0.62,278,0,279,0.62,280,0.95,281,0.65,282,0.08,283,0.08,284,0.65,285,0.95,286,0.62,287,0,288,-0.62,289,-0.94,290,0,291,1.05,292,1.9,293,1.74,294,0.15,295,0.15,296,1.74,297,1.9,298,1.05,299,0,300,-0.94,301,-0.62,302,0,303,0.62,304,0.95,305,0.65,306,0.08,307,0.08,308,0.65,309,0.95,310,0.62,311,0,312,-0.62
400,277,-0.05,278,0,279,0.06,280,0.1,281,0.12,282,0.13,283,0.14,284,0.21,285,0.26,286,0.18,287,0,288,0.24,289,-0.08,290,0,291,0.09,292,0.18,293,0.24,294,0.26,295,0.24,296,0.31,297,0.4,298,0.64,299,0.98,300,0.63,301,-0.05,302,0,303,0.06,304,0.1,305,0.12,306,0.13,307,0.14,308,0.21,309,0.26,310,0.18,311,0,312,0.24
401,289,0.28,290,0,291,0.13,292,0.18,293,0.15,294,0.13,295,0.12,296,0.07,297,0.03,298,0.01,299,0,300,-0.01,301,0.68,302,0.98,303,0.56,304,0.27,305,0.22,306,0.23,307,0.25,308,0.15,309,0.06,310,0.02,311,0,312,-0.01,313,0.28,314,0,315,0.13,316,0.18,317,0.15,318,0.13,319,0.12,320,0.07,321,0.03,322,0.01,323,0,324,-0.01
402,289,-0.16,290,0,291,0.19,292,0.38,293,0.58,294,0.71,295,0.71,296,0.58,297,0.38,298,0.19,299,0,300,-0.16,301,-0.2,302,0,303,0.25,304,0.61,305,1.06,306,1.5,307,1.5,308,1.06,309,0.61,310,0.25,311,0,312,-0.2,313,-0.16,314,0,315,0.19,316,0.38,317,0.58,318,0.71,319,0.71,320,0.58,321,0.38,322,0.19,323,0,324,-0.16
403,289,-0.01,290,0,291,0.01,292,0.03,293,0.07,294,0.12,295,0.13,296,0.15,297,0.18,298,0.13,299,0,300,0.28,301,-0.01,302,0,303,0.02,304,0.06,305,0.15,306,0.25,307,0.23,308,0.22,309,0.27,310,0.56,311,0.98,312,0.68,313,-0.01,314,0,315,0.01,316,0.03,317,0.07,318,0.12,319,0.13,320,0.15,321,0.18,322,0.13,323,0,324,0.28
404,301,0.24,302,0,303,0.18,304,0.26,305,0.21,306,0.14,307,0.13,308,0.12,309,0.1,310,0.06,311,0,312,-0.05,313,0.63,314,0.98,315,0.64,316,0.4,317,0.31,318,0.24,319,0.26,320,0.24,321,0.18,322,0.09,323,0,324,-0.08,325,0.24,326,0,327,0.18,328,0.26,329,0.21,330,0.14,331,0.13,332,0.12,333,0.1,334,0.06,335,0,336,-0.05
405,301,-0.62,302,0,303,0.62,304,0.95,305,0.65,306,0.08,307,0.08,308,0.65,309,0.95,310,0.62,311,0,312,-0.62,313,-0.94,314,0,315,1.05,316,1.9,317,1.74,318,0.15,319,0.15,320,1.74,321,1.9,322,1.05,323,0,324,-0.94,325,-0.62,326,0,327,0.62,328,0.95,329,0.65,330,0.08,331,0.08,332,0.65,333,0.95,334,0.62,335,0,336,-0.62
406,301,0.22,302,0,303,-0.2,304,-0.2,305,0.25,306,0.68,307,0.68,308,0.25,309,-0.2,310,-0.2,311,0,312,0.22,313,0.36,314,0,315,-0.39,316,-0.62,317,-0.19,318,1.35,319,1.35,320,-0.19,321,-0.62,322,-0.39,323,0,324,0.36,325,0.22,326,0,327,-0.2,328,-0.2,329,0.25,330,0.68,331,0.68,332,0.25,333,-0.2,334,-0.2,335,0,336,0.22
407,301,-0.62,302,0,303,0.62,304,0.95,305,0.65,306,0.08,307,0.08,308,0.65,309,0.95,310,0.62,311,0,312,-0.62,313,-0.94,314,0,315,1.05,316,1.9,317,1.74,318,0.15,319,0.15,320,1.74,321,1.9,322,1.05,323,0,324,-0.94,325,-0.62,326,0,327,0.62,328,0.95,329,0.65,330,0.08,331,0.08,332,0.65,333,0.95,334,0.62,335,0,336,-0.62
408,301,-0.05,302,0,303,0.06,304,0.1,305,0.12,306,0.13,307,0.14,308,0.21,309,0.26,310,0.18,311,0,312,0.24,313,-0.08,314,0,315,0.09,316,0.18,317,0.24,318,0.26,319,0.24,320,0.31,321,0.4,322,0.64,323,0.98,324,0.63,325,-0.05,326,0,327,0.06,328,0.1,329,0.12,330,0.13,331,0.14,332,0.21,333,0.26,334,0.18,335,0,336,0.24
409,313,0.28,314,0,315,0.13,316,0.18,317,0.15,318,0.13,319,0.12,320,0.07,321,0.03,322,0.01,323,0,324,-0.01,325,0.68,326,0.98,327,0.56,328,0.27,329,0.22,330,0.23,331,0.25,332,0.15,333,0.06,334,0.02,335,0,336,-0.01,337,0.28,338,0,339,0.13,340,0.18,341,0.15,342,0.13,343,0.12,344,0.07,345,0.03,346,0.01,347,0,348,-0.01
410,313,-0.16,314,0,315,0.19,316,0.38,317,0.58,318,0.71,319,0.71,320,0.58,321,0.38,322,0.19,323,0,324,-0.16,325,-0.2,326,0,327,0.25,328,0.61,329,1.06,330,1.5,331,1.5,332,1.06,333,0.61,334,0.25,335,0,336,-0.2,337,-0.16,338,0,339,0.19,340,0.38,341,0.58,342,0.71,343,0.71,344,0.58,345,0.38,346,0.19,347,0,348,-0.16
411,313,-0.01,314,0,315,0.01,316,0.03,317,0.07,318,0.12,319,0.13,320,0.15,321,0.18,322,0.13,323,0,324,0.28,325,-0.01,326,0,327,0.02,328,0.06,329,0.15,330,0.25,331,0.23,332,0.22,333,0.27,334,0.56,335,0.98,336,0.68,337,-0.01,338,0,339,0.01,340,0.03,341,0.07,342,0.12,343,0.13,344,0.15,345,0.18,346,0.13,347,0,348,0.28
412,325,0.24,326,0,327,0.18,328,0.26,329,0.21,330,0.14,331,0.13,332,0.12,333,0.1,334,0.06,335,0,336,-0.05,337,0.63,338,0.98,339,0.64,340,0.4,341,0.31,342,0.24,343,0.26,344,0.24,345,0.18,346,0.09,347,0,348,-0.08,349,0.24,350,0,351,0.18,352,0.26,353,0.21,354,0.14,355,0.13,356,0.12,357,0.1,358,0.06,359,0,360,-0.05
413,325,-0.62,326,0,327,0.62,328,0.95,329,0.65,330,0.08,331,0.08,332,0.65,333,0.95,334,0.62,335,0,336,-0.62,337,-0.94,338,0,339,1.05,340,1.9,341,1.74,342,0.15,343,0.15,344,1.74,345,1.9,346,1.05,347,0,348,-0.94,349,-0.62,350,0,351,0.62,352,0.95,353,0.65,354,0.08,355,0.08,356,0.65,357,0.95,358,0.62,359,0,360,-0.62
414,325,0.22,326,0,327,-0.2,328,-0.2,329,0.25,330,0.68,331,0.68,332,0.25,333,-0.2,334,-0.2,335,0,336,0.22,337,0.36,338,0,339,-0.39,340,-0.62,341,-0.19,342,1.35,343,1.35,344,-0.19,345,-0.62,346,-0.39,347,0,348,0.36,349,0.22,350,0,351,-0.2,352,-0.2,353,0.25,354,0.68,355,0.68,356,0.25,357,-0.2,358,-0.2,359,0,360,0.22
415,325,-0.62,326,0,327,0.62,328,0.95,329,0.65,330,0.08,331,0.08,332,0.65,333,0.95,334,0.62,335,0,336,-0.62,337,-0.94,338,0,339,1.05,340,1.9,341,1.74,342,0.15,343,0.15,344,1.74,345,1.9,346,1.05,347,0,348,-0.94,349,-0.62,350,0,351,0.62,352,0.95,353,0.65,354,0.08,355,0.08,356,0.65,357,0.95,358,0.62,359,0,360,-0.62
416,325,-0.05,326,0,327,0.06,328,0.1,329,0.12,330,0.13,331,0.14,332,0.21,333,0.26,334,0.18,335,0,336,0.24,337,-0.08,338,0,339,0.09,340,0.18,341,0.24,342,0.26,343,0.24,344,0.31,345,0.4,346,0.64,347,0.98,348,0.63,349,-0.05,350,0,351,0.06,352,0.1,353,0.12,354,0.13,355,0.14,356,0.21,357,0.26,358,0.18,359,0,360,0.24
417,337,0.28,338,0,339,0.13,340,0.18,341,0.15,342,0.13,343,0.12,344,0.07,345,0.03,346,0.01,347,0,348,-0.01,349,0.68,350,0.98,351,0.56,352,0.27,353,0.22,354,0.23,355,0.25,356,0.15,357,0.06,358,0.02,359,0,360,-0.01,,,,,,,,,,,,,,,,,,,,,,,,
418,337,-0.16,338,0,339,0.19,340,0.38,341,0.58,342,0.71,343,0.71,344,0.58,345,0.38,346,0.19,347,0,348,-0.16,349,-0.2,350,0,351,0.25,352,0.61,353,1.06,354,1.5,355,1.5,356,1.06,357,0.61,358,0.25,359,0,360,-0.2,,,,,,,,,,,,,,,,,,,,,,,,
419,337,-0.01,338,0,339,0.01,340,0.03,341,0.07,342,0.12,343,0.13,344,0.15,345,0.18,346,0.13,347,0,348,0.28,349,-0.01,350,0,351,0.02,352,0.06,353,0.15,354,0.25,355,0.23,356,0.22,357,0.27,358,0.56,359,0.98,360,0.68,,,,,,,,,,,,,,,,,,,,,,,,
